index,sequence,gc_group,gc_content
0,GCGGGCGG,high_gc,1.000
1,GCGGGGCG,high_gc,1.000
2,CCCGCGCC,high_gc,1.000
3,CCCCCCGG,high_gc,1.000
4,CCCGCGGG,high_gc,1.000
5,GGCCCCCG,high_gc,1.000
6,CCGCGCGC,high_gc,1.000
7,CGGGGGGG,high_gc,1.000
8,GCCGCCCC,high_gc,1.000
9,GCGCCCGC,high_gc,1.000
10,ATATAATA,low_gc,0.000
11,TTTTTTTT,low_gc,0.000
12,TTTAATTT,low_gc,0.000
13,TTTTTATA,low_gc,0.000
14,TTATATTA,low_gc,0.000
15,TATAATTA,low_gc,0.000
16,TTTAAAAA,low_gc,0.000
17,AAAATATT,low_gc,0.000
18,TAAAATAA,low_gc,0.000
19,AAATATAT,low_gc,0.000
20,GACCTACG,mixed,0.625
21,GTCAGCCT,mixed,0.625
22,GGAGAGTG,mixed,0.625
23,AATGGTGG,mixed,0.500
24,AGGTTCAG,mixed,0.500
25,GCGACACC,mixed,0.750
26,TAGGAGGA,mixed,0.500
27,CACGGGTC,mixed,0.750
28,CCCCTTGC,mixed,0.750
29,TGCAGTAA,mixed,0.375
